id=101,name=Gagan,email=gaganvdeveloper@gmail.com
id=102,name=Akshay,email=akshay@gmail.com
id=103,name=SandeepChavan,email=sandeep@gmail.com
id=104,name=Anvith,email=anvith@gmail.com
id=105,name=Jeevith_U,email=jeevith@gmail.com
id=106,name=Madhu,email=madhu@gmail.com